#FILE,E6A31_RS01500|p.Arg15fs,E6A31_RS01525|p.Tyr55fs,E6A31_RS02225|p.His60fs,E6A31_RS05270|p.Thr453fs,E6A31_RS06505|p.Gly341fs,E6A31_RS06640|p.Leu117fs,E6A31_RS07125|p.Ala130fs,E6A31_RS07500|p.Glu60fs,E6A31_RS07500|p.Lys46fs,E6A31_RS07650|p.Met1fs,E6A31_RS08700|p.Met1fs,E6A31_RS08825|p.Lys134fs,E6A31_RS09125|p.Glu6fs,E6A31_RS09380|p.Pro498fs,E6A31_RS11305|p.Arg84fs,E6A31_RS12080|p.Glu896fs,E6A31_RS14425|p.Cys32fs,E6A31_RS14525|p.Ile6fs,E6A31_RS14575|p.Phe33fs,E6A31_RS14670|p.Arg47fs,E6A31_RS14670|p.Cys57fs,E6A31_RS14685|p.Glu127fs,E6A31_RS14685|p.Val194fs
1352.11084.fna.vcf,1,1,0,0,0,0,0,0,0,1,1,0,1,0,0,0,1,0,0,0,0,1,1
1352.11088.fna.vcf,1,1,0,0,0,0,0,0,0,1,1,0,1,0,0,0,1,0,0,0,0,1,1
1352.11089.fna.vcf,0,0,0,0,0,0,0,0,0,1,0,0,1,0,0,0,0,0,0,0,0,0,0
1352.11090.fna.vcf,1,1,0,0,0,0,0,0,0,1,1,0,1,0,0,0,1,0,0,0,0,1,1
1352.16268.fna.vcf,1,1,1,0,0,0,0,0,0,0,0,0,1,0,0,0,1,0,0,0,0,0,1
1352.16272.fna.vcf,1,1,1,0,0,0,0,0,0,0,0,0,1,0,0,0,1,0,0,0,0,0,1
1352.1762.fna.vcf,1,1,0,0,0,0,0,0,0,1,0,1,0,0,0,0,0,0,1,0,0,0,0
1352.1763.fna.vcf,1,1,0,0,0,0,0,0,0,1,0,1,0,0,0,0,0,0,0,0,0,0,0
1352.1764.fna.vcf,1,1,0,0,0,0,0,0,0,1,0,0,0,0,0,0,1,0,1,0,0,0,0
1352.1765.fna.vcf,1,1,0,0,0,0,0,0,0,1,0,0,0,0,0,0,1,0,1,0,0,0,0
1352.1766.fna.vcf,1,1,0,0,0,0,0,0,0,1,0,1,0,0,0,0,0,0,1,0,0,0,0
1352.1767.fna.vcf,1,1,0,0,0,0,0,0,0,1,0,0,0,0,0,0,1,0,1,0,0,0,0
1352.1768.fna.vcf,1,1,0,0,0,0,0,0,0,1,0,0,0,0,0,0,1,0,1,0,0,0,0
1352.1769.fna.vcf,1,1,0,0,0,0,0,0,0,1,0,1,0,0,0,0,0,0,1,0,0,0,0
1352.1770.fna.vcf,1,1,0,0,0,0,0,0,0,0,0,0,0,0,0,0,1,0,1,0,0,0,0
1352.1771.fna.vcf,1,1,0,0,0,0,0,0,0,0,0,0,0,0,0,0,1,0,1,0,0,0,0
1352.1772.fna.vcf,1,1,0,0,0,0,0,0,0,0,0,0,1,0,0,0,0,0,1,0,0,0,0
1352.1773.fna.vcf,1,1,0,0,0,0,0,0,0,1,0,0,0,0,0,0,1,0,1,0,0,0,0
1352.1774.fna.vcf,1,1,0,0,0,0,0,0,0,1,0,0,0,0,0,0,1,0,1,0,0,0,0
1352.1775.fna.vcf,1,1,0,0,0,0,0,0,0,0,0,0,0,0,0,0,0,0,0,0,0,0,0
1352.1776.fna.vcf,1,1,0,0,0,0,0,0,0,1,0,0,0,0,0,0,1,0,1,0,0,0,0
1352.1777.fna.vcf,1,1,0,0,0,0,0,0,0,1,0,0,0,0,0,0,1,0,1,0,0,0,0
1352.1778.fna.vcf,1,1,0,0,0,0,0,0,0,1,0,1,0,0,0,0,0,0,1,0,0,0,0
1352.1779.fna.vcf,1,1,0,0,0,0,0,0,0,1,0,1,0,0,0,0,0,0,1,0,0,0,0
1352.1780.fna.vcf,1,1,0,0,0,0,0,0,0,1,0,0,0,0,0,0,1,0,1,0,0,0,0
1352.1781.fna.vcf,1,1,0,0,0,0,0,0,0,1,0,1,0,0,0,0,0,0,1,0,0,0,0
1352.1782.fna.vcf,1,1,0,0,0,0,0,0,0,1,0,1,0,0,0,0,0,0,1,0,0,0,0
GCA_013326655.1.fna.vcf,0,0,0,1,1,0,1,1,1,0,0,0,0,1,0,1,0,1,0,1,1,0,1
GCA_015339745.1.fna.vcf,1,1,0,0,0,0,0,0,0,1,0,1,0,0,0,0,1,0,0,0,0,0,0
GCA_015340065.1.fna.vcf,1,1,0,0,0,1,0,0,0,1,0,0,1,0,0,0,1,0,0,0,0,1,0
GCA_015340105.1.fna.vcf,1,1,0,0,0,0,0,0,0,0,1,0,1,0,0,0,0,0,0,0,0,0,1
GCA_015340145.1.fna.vcf,1,1,0,0,0,0,0,0,0,1,0,0,0,0,0,0,0,0,0,0,0,0,0
GCA_015340155.1.fna.vcf,1,1,0,0,0,0,0,0,0,0,1,0,1,0,0,0,0,0,0,0,0,0,1
GCA_015340185.1.fna.vcf,1,1,0,0,0,0,0,0,0,0,1,0,1,0,0,0,0,0,0,0,0,0,1
GCA_015340205.1.fna.vcf,1,1,0,0,0,1,0,0,0,1,0,0,1,0,0,0,1,0,0,0,0,1,0
GCA_015340225.1.fna.vcf,1,1,0,0,0,0,0,0,0,1,0,0,1,0,0,0,0,0,0,0,0,0,0
GCA_015340245.1.fna.vcf,1,1,0,0,0,0,0,0,0,1,0,0,1,0,0,0,0,0,0,0,0,0,0
GCA_015340265.1.fna.vcf,1,1,0,0,0,0,0,0,0,0,1,0,1,0,0,0,0,0,0,0,0,0,1
GCA_015340275.1.fna.vcf,1,1,0,0,0,0,0,0,0,0,1,0,1,0,1,0,0,0,0,0,0,0,1
GCA_015340325.1.fna.vcf,1,1,0,0,0,0,0,0,0,1,0,0,1,0,0,0,0,0,0,0,0,0,0
GCA_015340345.1.fna.vcf,1,1,0,0,0,0,0,0,0,0,0,0,0,0,0,0,0,0,0,0,0,0,0
GCA_015340365.1.fna.vcf,1,1,0,0,0,0,0,0,0,0,1,0,1,0,1,0,1,0,0,0,0,0,1
GCA_015340385.1.fna.vcf,1,1,0,0,0,0,0,0,0,0,1,0,1,0,1,0,1,0,0,0,0,0,1
GCA_015340405.1.fna.vcf,1,1,0,0,0,0,0,0,0,1,0,1,0,0,0,0,1,0,0,0,0,0,0
GCA_015340425.1.fna.vcf,1,1,0,0,0,0,0,0,0,0,1,0,1,0,1,0,1,0,0,0,0,0,1
GCA_015340445.1.fna.vcf,1,1,0,0,0,0,0,0,0,1,0,1,0,0,0,0,1,0,0,0,0,0,0
GCA_015340465.1.fna.vcf,1,1,0,0,0,0,0,0,0,1,0,0,1,0,0,0,1,0,0,0,0,1,0
